{
  "Score": {
    "path": "M0 32V30.3H4.2V29H2.1V27.3H4.2V26H0V24.3H5.9V32H0ZM10.45 29.55V26.55H36V29.55H10.45ZM0 19.85V18.25L3.75 13.85H0V12.15H5.9V13.75L2.1 18.15H5.9V19.85H0ZM10.45 17.4V14.4H36V17.4H10.45ZM2.1 7.8V1.7H0V0H3.8V7.8H2.1ZM10.45 5.25V2.25H36V5.25H10.45Z",
    "viewboxX": 36,
    "viewboxY": 32
  },
  "Cycle": {
    "path": "M22 44C18.2667 44 14.6667 42.9 11.2 40.7C7.73333 38.5 5 35.9833 3 33.15V40H0V28H12V31H5.15C6.85 33.5667 9.275 35.875 12.425 37.925C15.575 39.975 18.7667 41 22 41C24.6 41 27.0583 40.5 29.375 39.5C31.6917 38.5 33.7083 37.1417 35.425 35.425C37.1417 33.7083 38.5 31.6917 39.5 29.375C40.5 27.0583 41 24.6 41 22H44C44 25.0333 43.425 27.8833 42.275 30.55C41.125 33.2167 39.55 35.55 37.55 37.55C35.55 39.55 33.2167 41.125 30.55 42.275C27.8833 43.425 25.0333 44 22 44ZM20.55 36.35V33.65C19.05 33.25 17.7917 32.6083 16.775 31.725C15.7583 30.8417 14.9 29.6333 14.2 28.1L16.75 27.25C17.15 28.5167 17.8583 29.5167 18.875 30.25C19.8917 30.9833 21.05 31.35 22.35 31.35C23.6833 31.35 24.7917 31.025 25.675 30.375C26.5583 29.725 27 28.8667 27 27.8C27 26.7 26.5833 25.775 25.75 25.025C24.9167 24.275 23.3833 23.4333 21.15 22.5C19.15 21.6667 17.65 20.7667 16.65 19.8C15.65 18.8333 15.15 17.5333 15.15 15.9C15.15 14.4333 15.65 13.1833 16.65 12.15C17.65 11.1167 18.9833 10.4833 20.65 10.25V7.7H23.4V10.25C24.6667 10.3833 25.7667 10.7833 26.7 11.45C27.6333 12.1167 28.3833 13.0333 28.95 14.2L26.55 15.35C26.05 14.4167 25.4333 13.7167 24.7 13.25C23.9667 12.7833 23.1 12.55 22.1 12.55C20.8 12.55 19.775 12.85 19.025 13.45C18.275 14.05 17.9 14.8667 17.9 15.9C17.9 16.9667 18.3333 17.8167 19.2 18.45C20.0667 19.0833 21.4667 19.8 23.4 20.6C25.7 21.5667 27.3333 22.5833 28.3 23.65C29.2667 24.7167 29.75 26.1 29.75 27.8C29.75 28.6333 29.6 29.4 29.3 30.1C29 30.8 28.575 31.4 28.025 31.9C27.475 32.4 26.8 32.8083 26 33.125C25.2 33.4417 24.3 33.65 23.3 33.75V36.35H20.55ZM0 22C0 18.9667 0.575 16.1167 1.725 13.45C2.875 10.7833 4.45 8.45 6.45 6.45C8.45 4.45 10.7833 2.875 13.45 1.725C16.1167 0.575 18.9667 0 22 0C25.7333 0 29.3333 1.1 32.8 3.3C36.2667 5.5 39 8.01667 41 10.85V4H44V16H32V13H38.85C37.15 10.4333 34.7333 8.125 31.6 6.075C28.4667 4.025 25.2667 3 22 3C19.4 3 16.9417 3.5 14.625 4.5C12.3083 5.5 10.2917 6.85833 8.575 8.575C6.85833 10.2917 5.5 12.3083 4.5 14.625C3.5 16.9417 3 19.4 3 22H0Z",
    "viewboxX": 44,
    "viewboxY": 44
  }
}
